id,home_team_win
0,True
1,True
2,True
3,True
4,False
5,True
6,True
7,True
8,False
9,True
10,False
11,True
12,True
13,True
14,False
15,True
16,True
17,True
18,True
19,True
20,True
21,False
22,True
23,True
24,True
25,False
26,False
27,True
28,True
29,False
30,False
31,True
32,True
33,True
34,True
35,True
36,True
37,True
38,False
39,True
40,True
41,True
42,True
43,True
44,True
45,False
46,True
47,True
48,True
49,True
50,False
51,True
52,False
53,False
54,True
55,True
56,True
57,False
58,True
59,True
60,False
61,True
62,True
63,True
64,True
65,False
66,True
67,False
68,False
69,True
70,False
71,True
72,False
73,False
74,False
75,True
76,True
77,True
78,True
79,True
80,False
81,True
82,False
83,True
84,False
85,True
86,True
87,False
88,False
89,True
90,False
91,False
92,True
93,False
94,True
95,True
96,True
97,True
98,True
99,True
100,False
101,True
102,False
103,True
104,True
105,True
106,True
107,True
108,True
109,True
110,True
111,True
112,True
113,True
114,False
115,True
116,False
117,True
118,True
119,True
120,True
121,True
122,True
123,True
124,True
125,False
126,True
127,True
128,True
129,False
130,False
131,True
132,False
133,False
134,False
135,True
136,True
137,False
138,True
139,True
140,False
141,True
142,True
143,True
144,False
145,False
146,True
147,False
148,False
149,False
150,True
151,True
152,True
153,True
154,True
155,True
156,False
157,False
158,True
159,True
160,False
161,True
162,False
163,False
164,True
165,True
166,True
167,True
168,True
169,True
170,True
171,True
172,True
173,True
174,False
175,True
176,True
177,True
178,True
179,True
180,True
181,True
182,False
183,True
184,True
185,True
186,True
187,True
188,False
189,True
190,True
191,True
192,False
193,True
194,False
195,False
196,False
197,True
198,False
199,True
200,True
201,True
202,True
203,False
204,False
205,False
206,True
207,False
208,True
209,True
210,True
211,True
212,True
213,True
214,True
215,False
216,False
217,True
218,True
219,True
220,False
221,True
222,True
223,True
224,False
225,True
226,True
227,False
228,True
229,False
230,True
231,True
232,False
233,False
234,False
235,True
236,True
237,True
238,True
239,True
240,False
241,False
242,True
243,True
244,False
245,True
246,True
247,True
248,True
249,True
250,False
251,True
252,True
253,True
254,True
255,True
256,True
257,True
258,True
259,True
260,True
261,True
262,False
263,True
264,True
265,True
266,True
267,True
268,True
269,False
270,False
271,True
272,False
273,True
274,False
275,True
276,True
277,True
278,False
279,True
280,True
281,True
282,True
283,False
284,True
285,True
286,False
287,True
288,True
289,True
290,True
291,False
292,True
293,False
294,True
295,False
296,True
297,True
298,False
299,True
300,False
301,False
302,True
303,False
304,False
305,True
306,False
307,True
308,True
309,False
310,True
311,False
312,True
313,False
314,True
315,True
316,True
317,False
318,True
319,True
320,True
321,True
322,True
323,True
324,True
325,True
326,True
327,True
328,True
329,False
330,True
331,True
332,True
333,True
334,True
335,True
336,True
337,True
338,False
339,True
340,True
341,True
342,True
343,True
344,True
345,True
346,True
347,True
348,True
349,False
350,False
351,True
352,False
353,True
354,True
355,True
356,True
357,False
358,True
359,True
360,True
361,True
362,True
363,False
364,True
365,False
366,False
367,False
368,True
369,True
370,True
371,True
372,True
373,True
374,False
375,True
376,True
377,True
378,True
379,True
380,True
381,True
382,True
383,True
384,True
385,True
386,True
387,True
388,True
389,True
390,False
391,True
392,True
393,False
394,True
395,False
396,False
397,False
398,True
399,False
400,False
401,True
402,True
403,False
404,True
405,True
406,True
407,True
408,True
409,True
410,True
411,True
412,True
413,True
414,True
415,True
416,True
417,True
418,True
419,False
420,True
421,False
422,True
423,True
424,True
425,False
426,True
427,True
428,True
429,False
430,False
431,False
432,True
433,True
434,True
435,False
436,False
437,True
438,True
439,True
440,True
441,True
442,True
443,False
444,True
445,True
446,True
447,False
448,True
449,True
450,False
451,False
452,False
453,True
454,True
455,True
456,False
457,False
458,True
459,True
460,True
461,True
462,True
463,False
464,True
465,False
466,True
467,True
468,True
469,True
470,False
471,True
472,False
473,False
474,True
475,True
476,True
477,False
478,False
479,True
480,False
481,True
482,False
483,True
484,True
485,True
486,False
487,True
488,True
489,False
490,False
491,False
492,True
493,True
494,True
495,False
496,False
497,True
498,False
499,False
500,True
501,True
502,True
503,True
504,False
505,True
506,True
507,False
508,False
509,True
510,True
511,False
512,True
513,True
514,True
515,True
516,True
517,False
518,False
519,True
520,False
521,True
522,True
523,True
524,True
525,True
526,False
527,True
528,False
529,True
530,False
531,False
532,True
533,True
534,True
535,True
536,True
537,True
538,False
539,True
540,True
541,True
542,True
543,False
544,True
545,True
546,False
547,False
548,False
549,False
550,False
551,False
552,True
553,True
554,True
555,False
556,True
557,True
558,True
559,True
560,True
561,True
562,True
563,True
564,True
565,True
566,False
567,True
568,True
569,True
570,True
571,True
572,True
573,False
574,True
575,True
576,True
577,True
578,True
579,True
580,False
581,True
582,True
583,True
584,True
585,False
586,True
587,False
588,True
589,False
590,False
591,True
592,True
593,True
594,False
595,True
596,False
597,False
598,True
599,True
600,False
601,True
602,False
603,False
604,False
605,False
606,True
607,True
608,False
609,True
610,True
611,False
612,False
613,True
614,True
615,True
616,False
617,True
618,True
619,True
620,False
621,True
622,True
623,True
624,False
625,False
626,True
627,True
628,True
629,False
630,True
631,True
632,True
633,True
634,False
635,False
636,True
637,False
638,False
639,True
640,True
641,True
642,True
643,True
644,False
645,True
646,True
647,True
648,True
649,True
650,True
651,True
652,False
653,False
654,True
655,True
656,True
657,True
658,False
659,False
660,False
661,False
662,False
663,True
664,False
665,False
666,True
667,True
668,True
669,False
670,True
671,True
672,False
673,False
674,True
675,False
676,True
677,False
678,False
679,False
680,True
681,True
682,True
683,False
684,True
685,True
686,True
687,True
688,True
689,True
690,True
691,True
692,True
693,True
694,True
695,True
696,True
697,False
698,True
699,True
700,True
701,True
702,False
703,False
704,True
705,True
706,True
707,True
708,True
709,False
710,True
711,True
712,True
713,True
714,False
715,True
716,True
717,True
718,True
719,True
720,False
721,True
722,True
723,True
724,True
725,True
726,False
727,True
728,True
729,True
730,True
731,False
732,True
733,True
734,True
735,False
736,True
737,True
738,True
739,True
740,False
741,True
742,False
743,True
744,False
745,False
746,True
747,True
748,False
749,True
750,False
751,True
752,True
753,True
754,False
755,False
756,False
757,False
758,False
759,False
760,True
761,True
762,False
763,True
764,True
765,True
766,True
767,False
768,True
769,True
770,False
771,True
772,False
773,True
774,True
775,True
776,True
777,False
778,True
779,True
780,False
781,True
782,False
783,True
784,False
785,True
786,False
787,True
788,True
789,False
790,False
791,False
792,False
793,True
794,False
795,False
796,True
797,True
798,True
799,True
800,True
801,True
802,False
803,False
804,True
805,True
806,True
807,True
808,False
809,False
810,False
811,True
812,True
813,True
814,True
815,False
816,True
817,True
818,True
819,True
820,True
821,False
822,True
823,True
824,True
825,True
826,False
827,True
828,True
829,False
830,False
831,True
832,True
833,True
834,True
835,True
836,False
837,True
838,True
839,True
840,True
841,False
842,True
843,False
844,True
845,True
846,True
847,True
848,True
849,True
850,True
851,False
852,True
853,True
854,True
855,True
856,True
857,True
858,False
859,False
860,True
861,True
862,True
863,True
864,False
865,True
866,True
867,True
868,True
869,True
870,False
871,True
872,True
873,True
874,True
875,True
876,True
877,True
878,True
879,False
880,False
881,True
882,True
883,True
884,False
885,False
886,False
887,False
888,True
889,True
890,True
891,True
892,False
893,True
894,True
895,True
896,True
897,True
898,False
899,True
900,True
901,True
902,True
903,True
904,True
905,True
906,True
907,True
908,True
909,True
910,False
911,True
912,True
913,False
914,False
915,True
916,True
917,True
918,True
919,True
920,True
921,True
922,False
923,False
924,True
925,False
926,True
927,True
928,True
929,True
930,False
931,False
932,True
933,True
934,True
935,True
936,True
937,True
938,False
939,False
940,True
941,True
942,True
943,True
944,True
945,False
946,True
947,True
948,True
949,True
950,True
951,False
952,True
953,True
954,True
955,False
956,False
957,False
958,True
959,True
960,False
961,False
962,False
963,True
964,True
965,True
966,True
967,True
968,False
969,True
970,True
971,True
972,True
973,False
974,False
975,True
976,True
977,True
978,True
979,True
980,False
981,False
982,True
983,False
984,True
985,True
986,True
987,True
988,False
989,False
990,True
991,True
992,True
993,True
994,True
995,True
996,False
997,False
998,True
999,False
1000,True
1001,True
1002,False
1003,True
1004,False
1005,True
1006,True
1007,True
1008,False
1009,True
1010,True
1011,False
1012,True
1013,True
1014,False
1015,True
1016,True
1017,True
1018,True
1019,True
1020,False
1021,True
1022,True
1023,True
1024,True
1025,True
1026,True
1027,True
1028,False
1029,False
1030,True
1031,True
1032,False
1033,False
1034,True
1035,True
1036,True
1037,False
1038,True
1039,True
1040,True
1041,True
1042,True
1043,False
1044,False
1045,True
1046,True
1047,True
1048,True
1049,True
1050,False
1051,True
1052,True
1053,True
1054,True
1055,True
1056,True
1057,False
1058,True
1059,True
1060,False
1061,True
1062,False
1063,True
1064,True
1065,True
1066,True
1067,True
1068,True
1069,True
1070,False
1071,True
1072,True
1073,True
1074,True
1075,True
1076,True
1077,True
1078,True
1079,True
1080,True
1081,True
1082,True
1083,True
1084,True
1085,True
1086,True
1087,True
1088,True
1089,False
1090,True
1091,True
1092,True
1093,True
1094,True
1095,False
1096,False
1097,False
1098,True
1099,True
1100,False
1101,False
1102,False
1103,False
1104,True
1105,False
1106,True
1107,True
1108,True
1109,True
1110,True
1111,True
1112,True
1113,True
1114,True
1115,False
1116,True
1117,True
1118,False
1119,True
1120,True
1121,True
1122,False
1123,True
1124,False
1125,False
1126,True
1127,True
1128,True
1129,True
1130,False
1131,True
1132,True
1133,True
1134,True
1135,True
1136,True
1137,False
1138,False
1139,False
1140,True
1141,True
1142,False
1143,True
1144,True
1145,True
1146,True
1147,True
1148,True
1149,False
1150,False
1151,True
1152,False
1153,True
1154,False
1155,False
1156,True
1157,True
1158,True
1159,True
1160,True
1161,True
1162,True
1163,True
1164,True
1165,False
1166,True
1167,False
1168,True
1169,False
1170,True
1171,True
1172,True
1173,True
1174,True
1175,True
1176,True
1177,False
1178,True
1179,True
1180,True
1181,True
1182,True
1183,True
1184,False
1185,True
1186,True
1187,True
1188,False
1189,True
1190,False
1191,True
1192,True
1193,True
1194,False
1195,True
1196,False
1197,False
1198,False
1199,True
1200,False
1201,True
1202,True
1203,False
1204,False
1205,True
1206,True
1207,False
1208,True
1209,True
1210,True
1211,False
1212,True
1213,True
1214,True
1215,False
1216,False
1217,False
1218,False
1219,True
1220,True
1221,False
1222,False
1223,True
1224,False
1225,True
1226,False
1227,True
1228,True
1229,True
1230,False
1231,True
1232,True
1233,True
1234,True
1235,False
1236,True
1237,True
1238,False
1239,True
1240,True
1241,True
1242,True
1243,False
1244,False
1245,True
1246,True
1247,False
1248,True
1249,True
1250,True
1251,True
1252,True
1253,False
1254,True
1255,True
1256,True
1257,True
1258,True
1259,True
1260,True
1261,False
1262,True
1263,True
1264,True
1265,True
1266,True
1267,True
1268,False
1269,True
1270,True
1271,True
1272,True
1273,True
1274,True
1275,True
1276,False
1277,True
1278,True
1279,True
1280,True
1281,True
1282,True
1283,True
1284,True
1285,True
1286,True
1287,False
1288,True
1289,False
1290,True
1291,True
1292,True
1293,False
1294,True
1295,True
1296,True
1297,True
1298,False
1299,True
1300,False
1301,True
1302,True
1303,False
1304,True
1305,False
1306,True
1307,True
1308,True
1309,True
1310,True
1311,True
1312,False
1313,False
1314,True
1315,True
1316,False
1317,True
1318,False
1319,True
1320,True
1321,True
1322,True
1323,True
1324,False
1325,True
1326,True
1327,True
1328,True
1329,True
1330,True
1331,False
1332,True
1333,True
1334,True
1335,False
1336,True
1337,True
1338,True
1339,True
1340,True
1341,False
1342,True
1343,False
1344,False
1345,True
1346,True
1347,True
1348,True
1349,False
1350,True
1351,False
1352,False
1353,False
1354,True
1355,False
1356,True
1357,True
1358,True
1359,True
1360,True
1361,True
1362,False
1363,True
1364,True
1365,False
1366,True
1367,False
1368,True
1369,False
1370,False
1371,False
1372,True
1373,True
1374,True
1375,True
1376,True
1377,False
1378,True
1379,True
1380,False
1381,True
1382,True
1383,False
1384,True
1385,True
1386,True
1387,True
1388,False
1389,False
1390,True
1391,False
1392,False
1393,True
1394,True
1395,True
1396,True
1397,True
1398,True
1399,True
1400,False
1401,False
1402,True
1403,True
1404,True
1405,True
1406,True
1407,True
1408,True
1409,True
1410,True
1411,True
1412,True
1413,True
1414,True
1415,False
1416,True
1417,True
1418,True
1419,True
1420,True
1421,True
1422,True
1423,True
1424,True
1425,True
1426,False
1427,False
1428,False
1429,True
1430,True
1431,True
1432,True
1433,True
1434,True
1435,True
1436,False
1437,True
1438,True
1439,True
1440,False
1441,False
1442,True
1443,True
1444,True
1445,False
1446,False
1447,False
1448,True
1449,True
1450,True
1451,False
1452,False
1453,False
1454,True
1455,True
1456,False
1457,True
1458,False
1459,True
1460,False
1461,True
1462,False
1463,True
1464,True
1465,True
1466,True
1467,True
1468,True
1469,True
1470,False
1471,False
1472,True
1473,False
1474,True
1475,False
1476,True
1477,False
1478,True
1479,True
1480,True
1481,True
1482,True
1483,True
1484,True
1485,False
1486,True
1487,True
1488,True
1489,True
1490,False
1491,False
1492,False
1493,False
1494,False
1495,True
1496,True
1497,False
1498,True
1499,True
1500,True
1501,True
1502,True
1503,True
1504,True
1505,True
1506,True
1507,True
1508,True
1509,False
1510,True
1511,False
1512,False
1513,False
1514,False
1515,True
1516,False
1517,False
1518,False
1519,True
1520,True
1521,False
1522,True
1523,False
1524,True
1525,False
1526,False
1527,True
1528,True
1529,True
1530,False
1531,True
1532,False
1533,False
1534,True
1535,False
1536,True
1537,False
1538,True
1539,False
1540,True
1541,True
1542,False
1543,True
1544,True
1545,True
1546,True
1547,False
1548,True
1549,True
1550,False
1551,True
1552,True
1553,True
1554,True
1555,False
1556,True
1557,False
1558,True
1559,True
1560,False
1561,True
1562,True
1563,False
1564,False
1565,True
1566,True
1567,False
1568,True
1569,True
1570,False
1571,False
1572,True
1573,False
1574,True
1575,False
1576,True
1577,False
1578,True
1579,True
1580,True
1581,True
1582,True
1583,False
1584,False
1585,True
1586,True
1587,True
1588,True
1589,True
1590,True
1591,False
1592,False
1593,False
1594,False
1595,True
1596,True
1597,False
1598,True
1599,True
1600,True
1601,False
1602,False
1603,True
1604,False
1605,True
1606,True
1607,True
1608,True
1609,True
1610,True
1611,True
1612,True
1613,True
1614,True
1615,True
1616,True
1617,True
1618,True
1619,True
1620,True
1621,False
1622,False
1623,True
1624,True
1625,True
1626,True
1627,False
1628,True
1629,True
1630,True
1631,True
1632,True
1633,True
1634,True
1635,True
1636,False
1637,True
1638,True
1639,True
1640,True
1641,True
1642,True
1643,False
1644,True
1645,True
1646,True
1647,False
1648,True
1649,True
1650,False
1651,True
1652,True
1653,False
1654,False
1655,True
1656,True
1657,True
1658,True
1659,True
1660,True
1661,True
1662,True
1663,False
1664,False
1665,False
1666,False
1667,True
1668,False
1669,True
1670,True
1671,False
1672,True
1673,False
1674,True
1675,True
1676,True
1677,True
1678,False
1679,True
1680,False
1681,True
1682,True
1683,False
1684,False
1685,False
1686,True
1687,False
1688,True
1689,True
1690,True
1691,True
1692,True
1693,True
1694,False
1695,True
1696,True
1697,True
1698,False
1699,True
1700,True
1701,True
1702,True
1703,False
1704,True
1705,False
1706,True
1707,False
1708,True
1709,True
1710,False
1711,True
1712,True
1713,False
1714,True
1715,True
1716,False
1717,True
1718,True
1719,True
1720,False
1721,False
1722,True
1723,False
1724,False
1725,True
1726,True
1727,False
1728,True
1729,True
1730,False
1731,True
1732,True
1733,True
1734,True
1735,False
1736,False
1737,True
1738,True
1739,True
1740,False
1741,False
1742,True
1743,False
1744,False
1745,True
1746,False
1747,True
1748,True
1749,False
1750,False
1751,False
1752,True
1753,True
1754,True
1755,False
1756,True
1757,False
1758,True
1759,True
1760,True
1761,True
1762,True
1763,True
1764,True
1765,False
1766,True
1767,True
1768,True
1769,True
1770,True
1771,True
1772,False
1773,True
1774,True
1775,True
1776,False
1777,False
1778,True
1779,False
1780,False
1781,True
1782,True
1783,True
1784,True
1785,True
1786,True
1787,True
1788,True
1789,True
1790,True
1791,True
1792,True
1793,True
1794,True
1795,True
1796,True
1797,False
1798,False
1799,True
1800,False
1801,True
1802,True
1803,True
1804,False
1805,True
1806,False
1807,True
1808,True
1809,True
1810,True
1811,False
1812,True
1813,False
1814,True
1815,True
1816,True
1817,True
1818,True
1819,True
1820,True
1821,False
1822,True
1823,True
1824,True
1825,True
1826,True
1827,True
1828,False
1829,True
1830,True
1831,True
1832,True
1833,False
1834,True
1835,True
1836,False
1837,False
1838,True
1839,False
1840,True
1841,True
1842,True
1843,False
1844,False
1845,False
1846,True
1847,True
1848,True
1849,True
1850,False
1851,True
1852,True
1853,True
1854,True
1855,True
1856,False
1857,False
1858,True
1859,True
1860,False
1861,True
1862,True
1863,False
1864,False
1865,True
1866,True
1867,True
1868,True
1869,True
1870,True
1871,True
1872,True
1873,False
1874,True
1875,True
1876,True
1877,True
1878,False
1879,True
1880,True
1881,True
1882,True
1883,False
1884,False
1885,True
1886,True
1887,True
1888,True
1889,False
1890,True
1891,False
1892,True
1893,True
1894,True
1895,True
1896,False
1897,True
1898,True
1899,True
1900,True
1901,True
1902,False
1903,True
1904,True
1905,True
1906,True
1907,True
1908,True
1909,False
1910,False
1911,False
1912,True
1913,True
1914,True
1915,True
1916,False
1917,False
1918,True
1919,False
1920,True
1921,True
1922,True
1923,False
1924,True
1925,True
1926,True
1927,False
1928,True
1929,True
1930,True
1931,True
1932,False
1933,True
1934,True
1935,True
1936,True
1937,False
1938,True
1939,False
1940,False
1941,True
1942,True
1943,False
1944,False
1945,True
1946,True
1947,True
1948,True
1949,True
1950,False
1951,True
1952,True
1953,True
1954,True
1955,True
1956,False
1957,False
1958,True
1959,False
1960,True
1961,False
1962,True
1963,False
1964,True
1965,True
1966,False
1967,True
1968,True
1969,False
1970,True
1971,True
1972,False
1973,False
1974,True
1975,True
1976,True
1977,True
1978,True
1979,True
1980,True
1981,False
1982,True
1983,True
1984,True
1985,True
1986,False
1987,False
1988,False
1989,True
1990,True
1991,True
1992,True
1993,True
1994,True
1995,True
1996,False
1997,False
1998,False
1999,True
2000,False
2001,True
2002,True
2003,True
2004,True
2005,False
2006,True
2007,True
2008,False
2009,True
2010,True
2011,False
2012,True
2013,True
2014,False
2015,True
2016,True
2017,True
2018,False
2019,True
2020,True
2021,False
2022,True
2023,False
2024,True
2025,True
2026,False
2027,True
2028,True
2029,True
2030,True
2031,True
2032,True
2033,True
2034,True
2035,True
2036,True
2037,False
2038,True
2039,False
2040,True
2041,True
2042,True
2043,True
2044,False
2045,False
2046,True
2047,False
2048,True
2049,False
2050,True
2051,True
2052,False
2053,True
2054,False
2055,False
2056,True
2057,True
2058,True
2059,False
2060,True
2061,True
2062,True
2063,True
2064,True
2065,True
2066,True
2067,True
2068,True
2069,True
2070,True
2071,True
2072,False
2073,True
2074,True
2075,True
2076,True
2077,True
2078,True
2079,True
2080,True
2081,True
2082,False
2083,True
2084,True
2085,True
2086,False
2087,True
2088,True
2089,True
2090,True
2091,True
2092,True
2093,True
2094,True
2095,False
2096,False
2097,True
2098,True
2099,False
2100,True
2101,True
2102,False
2103,True
2104,True
2105,False
2106,False
2107,True
2108,True
2109,True
2110,False
2111,True
2112,True
2113,True
2114,False
2115,False
2116,False
2117,True
2118,True
2119,False
2120,False
2121,False
2122,True
2123,True
2124,False
2125,False
2126,False
2127,True
2128,False
2129,False
2130,True
2131,True
2132,True
2133,True
2134,True
2135,True
2136,True
2137,False
2138,True
2139,True
2140,True
2141,True
2142,False
2143,True
2144,True
2145,True
2146,True
2147,False
2148,False
2149,False
2150,True
2151,False
2152,True
2153,True
2154,False
2155,True
2156,True
2157,True
2158,True
2159,True
2160,True
2161,True
2162,False
2163,True
2164,True
2165,True
2166,True
2167,True
2168,True
2169,True
2170,False
2171,True
2172,False
2173,False
2174,False
2175,False
2176,True
2177,True
2178,False
2179,False
2180,True
2181,True
2182,False
2183,True
2184,False
2185,False
2186,True
2187,True
2188,True
2189,True
2190,True
2191,True
2192,True
2193,True
2194,True
2195,True
2196,True
2197,True
2198,True
2199,True
2200,True
2201,False
2202,False
2203,True
2204,True
2205,True
2206,True
2207,False
2208,True
2209,True
2210,True
2211,True
2212,False
2213,False
2214,True
2215,True
2216,False
2217,True
2218,False
2219,False
2220,False
2221,False
2222,True
2223,True
2224,False
2225,True
2226,True
2227,True
2228,True
2229,True
2230,True
2231,True
2232,True
2233,False
2234,True
2235,False
2236,True
2237,False
2238,True
2239,True
2240,False
2241,True
2242,False
2243,False
2244,False
2245,False
2246,True
2247,False
2248,True
2249,True
2250,True
2251,True
2252,False
2253,True
2254,False
2255,False
2256,False
2257,False
2258,True
2259,True
2260,False
2261,True
2262,False
2263,True
2264,False
2265,False
2266,True
2267,True
2268,True
2269,True
2270,False
2271,False
2272,True
2273,True
2274,True
2275,True
2276,True
2277,False
2278,True
2279,False
2280,True
2281,True
2282,True
2283,True
2284,True
2285,True
2286,True
2287,False
2288,True
2289,True
2290,True
2291,True
2292,True
2293,True
2294,False
2295,True
2296,True
2297,True
2298,False
2299,True
2300,True
2301,True
2302,True
2303,True
2304,True
2305,True
2306,True
2307,True
2308,True
2309,False
2310,True
2311,False
2312,False
2313,True
2314,True
2315,True
2316,False
2317,True
2318,True
2319,False
2320,False
2321,False
2322,False
2323,True
2324,True
2325,True
2326,True
2327,True
2328,True
2329,True
2330,True
2331,True
2332,True
2333,False
2334,True
2335,True
2336,False
2337,False
2338,False
2339,True
2340,False
2341,False
2342,True
2343,False
2344,True
2345,False
2346,False
2347,True
2348,False
2349,False
2350,True
2351,True
2352,True
2353,True
2354,True
2355,True
2356,True
2357,True
2358,False
2359,True
2360,True
2361,False
2362,True
2363,True
2364,True
2365,True
2366,True
2367,True
2368,False
2369,True
2370,True
2371,True
2372,True
2373,True
2374,False
2375,False
2376,False
2377,True
2378,True
2379,True
2380,True
2381,False
2382,True
2383,True
2384,False
2385,False
2386,False
2387,True
2388,False
2389,False
2390,False
2391,True
2392,False
2393,True
2394,False
2395,True
2396,True
2397,True
2398,True
2399,True
2400,False
2401,True
2402,True
2403,True
2404,False
2405,True
2406,True
2407,False
2408,False
2409,False
2410,True
2411,False
2412,True
2413,True
2414,True
2415,True
2416,False
2417,False
2418,True
2419,True
2420,True
2421,True
2422,True
2423,False
2424,True
2425,True
2426,False
2427,False
2428,False
2429,False
2430,True
2431,True
2432,False
2433,True
2434,True
2435,True
2436,True
2437,True
2438,True
2439,False
2440,True
2441,False
2442,True
2443,True
2444,True
2445,True
2446,True
2447,True
2448,True
2449,False
2450,False
2451,True
2452,True
2453,False
2454,True
2455,False
2456,False
2457,True
2458,False
2459,False
2460,False
2461,True
2462,True
2463,True
2464,True
2465,False
2466,True
2467,True
2468,False
2469,True
2470,True
2471,False
2472,True
2473,False
2474,False
2475,True
2476,True
2477,True
2478,True
2479,False
2480,True
2481,False
2482,False
2483,True
2484,False
2485,True
2486,True
2487,False
2488,False
2489,True
2490,True
2491,True
2492,True
2493,True
2494,True
2495,False
2496,False
2497,True
2498,False
2499,True
2500,True
2501,True
2502,True
2503,True
2504,False
2505,False
2506,True
2507,False
2508,True
2509,True
2510,True
2511,True
2512,True
2513,False
2514,True
2515,False
2516,True
2517,True
2518,True
2519,False
2520,True
2521,False
2522,False
2523,True
2524,False
2525,False
2526,True
2527,True
2528,True
2529,True
2530,True
2531,True
2532,False
2533,True
2534,False
2535,False
2536,True
2537,False
2538,False
2539,False
2540,True
2541,False
2542,True
2543,True
2544,True
2545,True
2546,True
2547,True
2548,True
2549,False
2550,True
2551,True
2552,False
2553,True
2554,True
2555,True
2556,True
2557,True
2558,True
2559,True
2560,True
2561,True
2562,True
2563,True
2564,True
2565,True
2566,True
2567,True
2568,False
2569,False
2570,True
2571,True
2572,True
2573,True
2574,True
2575,False
2576,True
2577,True
2578,True
2579,True
2580,False
2581,False
2582,True
2583,False
2584,True
2585,True
2586,True
2587,False
2588,True
2589,False
2590,True
2591,True
2592,True
2593,True
2594,True
2595,True
2596,True
2597,False
2598,False
2599,True
2600,True
2601,True
2602,True
2603,True
2604,True
2605,True
2606,True
2607,False
2608,True
2609,True
2610,True
2611,True
2612,True
2613,False
2614,True
2615,True
2616,True
2617,True
2618,True
2619,True
2620,True
2621,True
2622,False
2623,True
2624,False
2625,False
2626,False
2627,True
2628,True
2629,False
2630,False
2631,True
2632,True
2633,True
2634,True
2635,True
2636,True
2637,True
2638,False
2639,True
2640,True
2641,False
2642,True
2643,True
2644,True
2645,True
2646,True
2647,False
2648,True
2649,True
2650,True
2651,False
2652,True
2653,True
2654,True
2655,True
2656,True
2657,True
2658,True
2659,True
2660,False
2661,True
2662,True
2663,True
2664,True
2665,False
2666,False
2667,False
2668,True
2669,True
2670,True
2671,True
2672,False
2673,False
2674,False
2675,True
2676,True
2677,True
2678,False
2679,True
2680,True
2681,True
2682,True
2683,False
2684,False
2685,False
2686,False
2687,True
2688,False
2689,False
2690,True
2691,True
2692,False
2693,True
2694,True
2695,True
2696,True
2697,False
2698,False
2699,True
2700,True
2701,True
2702,True
2703,True
2704,False
2705,True
2706,True
2707,True
2708,False
2709,False
2710,True
2711,True
2712,True
2713,False
2714,True
2715,True
2716,True
2717,True
2718,True
2719,False
2720,False
2721,True
2722,False
2723,False
2724,False
2725,True
2726,True
2727,True
2728,True
2729,True
2730,True
2731,False
2732,True
2733,True
2734,True
2735,True
2736,True
2737,True
2738,True
2739,True
2740,True
2741,True
2742,True
2743,False
2744,True
2745,True
2746,True
2747,False
2748,True
2749,True
2750,True
2751,True
2752,False
2753,True
2754,True
2755,False
2756,False
2757,True
2758,True
2759,False
2760,True
2761,False
2762,True
2763,True
2764,False
2765,True
2766,True
2767,True
2768,False
2769,True
2770,True
2771,True
2772,True
2773,False
2774,False
2775,True
2776,False
2777,True
2778,True
2779,False
2780,False
2781,True
2782,True
2783,True
2784,True
2785,True
2786,True
2787,False
2788,True
2789,True
2790,True
2791,True
2792,True
2793,True
2794,True
2795,True
2796,True
2797,True
2798,True
2799,True
2800,False
2801,True
2802,True
2803,False
2804,True
2805,False
2806,False
2807,True
2808,False
2809,False
2810,True
2811,True
2812,True
2813,True
2814,False
2815,False
2816,True
2817,True
2818,True
2819,True
2820,True
2821,True
2822,True
2823,True
2824,True
2825,True
2826,False
2827,True
2828,False
2829,True
2830,True
2831,True
2832,True
2833,True
2834,False
2835,False
2836,True
2837,False
2838,True
2839,True
2840,False
2841,True
2842,True
2843,True
2844,True
2845,True
2846,False
2847,True
2848,False
2849,True
2850,False
2851,False
2852,True
2853,True
2854,True
2855,True
2856,True
2857,True
2858,True
2859,True
2860,True
2861,True
2862,True
2863,False
2864,True
2865,True
2866,False
2867,True
2868,True
2869,False
2870,False
2871,True
2872,True
2873,True
2874,True
2875,False
2876,True
2877,True
2878,True
2879,True
2880,False
2881,True
2882,True
2883,True
2884,True
2885,True
2886,True
2887,True
2888,True
2889,True
2890,True
2891,True
2892,True
2893,False
2894,False
2895,True
2896,False
2897,False
2898,False
2899,True
2900,True
2901,False
2902,True
2903,True
2904,True
2905,False
2906,False
2907,False
2908,True
2909,True
2910,False
2911,True
2912,True
2913,False
2914,True
2915,False
2916,False
2917,True
2918,False
2919,False
2920,True
2921,False
2922,True
2923,True
2924,False
2925,False
2926,True
2927,True
2928,True
2929,True
2930,False
2931,True
2932,True
2933,True
2934,True
2935,True
2936,False
2937,True
2938,True
2939,True
2940,True
2941,True
2942,True
2943,False
2944,True
2945,True
2946,True
2947,True
2948,True
2949,True
2950,False
2951,True
2952,True
2953,False
2954,True
2955,False
2956,True
2957,True
2958,True
2959,True
2960,True
2961,True
2962,False
2963,True
2964,False
2965,False
2966,True
2967,True
2968,True
2969,True
2970,True
2971,False
2972,True
2973,True
2974,False
2975,True
2976,True
2977,False
2978,True
2979,True
2980,True
2981,True
2982,True
2983,True
2984,True
2985,True
2986,False
2987,True
2988,False
2989,True
2990,False
2991,True
2992,True
2993,True
2994,True
2995,True
2996,False
2997,True
2998,True
2999,False
3000,False
3001,True
3002,True
3003,True
3004,True
3005,True
3006,True
3007,True
3008,False
3009,True
3010,True
3011,True
3012,False
3013,False
3014,True
3015,True
3016,True
3017,True
3018,True
3019,False
3020,False
3021,True
3022,True
3023,True
3024,True
3025,True
3026,True
3027,True
3028,True
3029,False
3030,True
3031,True
3032,False
3033,False
3034,True
3035,True
3036,False
3037,True
3038,True
3039,True
3040,False
3041,True
3042,True
3043,True
3044,True
3045,False
3046,False
3047,False
3048,True
3049,False
3050,True
3051,True
3052,True
3053,True
3054,True
3055,True
3056,False
3057,True
3058,True
3059,True
3060,False
3061,True
3062,True
3063,False
3064,True
3065,False
3066,False
3067,True
3068,True
3069,True
3070,False
3071,True
3072,False
3073,True
3074,True
3075,True
3076,True
3077,True
3078,True
3079,False
3080,True
3081,True
3082,True
3083,True
3084,True
3085,False
3086,False
3087,False
3088,True
3089,False
3090,True
3091,True
3092,False
3093,False
3094,False
3095,True
3096,True
3097,True
3098,False
3099,True
3100,True
3101,True
3102,True
3103,False
3104,True
3105,False
3106,False
3107,False
3108,True
3109,True
3110,True
3111,True
3112,False
3113,True
3114,True
3115,False
3116,True
3117,True
3118,True
3119,True
3120,False
3121,False
3122,True
3123,False
3124,True
3125,False
3126,False
3127,False
3128,True
3129,True
3130,True
3131,True
3132,True
3133,True
3134,True
3135,True
3136,True
3137,True
3138,False
3139,False
3140,True
3141,True
3142,True
3143,True
3144,True
3145,True
3146,False
3147,True
3148,True
3149,True
3150,True
3151,True
3152,True
3153,True
3154,True
3155,True
3156,False
3157,True
3158,True
3159,True
3160,False
3161,True
3162,True
3163,True
3164,True
3165,True
3166,True
3167,True
3168,False
3169,True
3170,True
3171,False
3172,True
3173,True
3174,True
3175,True
3176,True
3177,False
3178,True
3179,True
3180,False
3181,False
3182,True
3183,True
3184,True
3185,True
3186,True
3187,True
3188,True
3189,True
3190,True
3191,True
3192,True
3193,False
3194,True
3195,True
3196,True
3197,True
3198,True
3199,True
3200,True
3201,True
3202,True
3203,True
3204,True
3205,False
3206,False
3207,True
3208,True
3209,True
3210,True
3211,False
3212,True
3213,False
3214,True
3215,False
3216,True
3217,True
3218,False
3219,False
3220,True
3221,True
3222,True
3223,True
3224,True
3225,True
3226,True
3227,False
3228,True
3229,False
3230,False
3231,True
3232,False
3233,True
3234,False
3235,True
3236,True
3237,True
3238,False
3239,True
3240,True
3241,True
3242,True
3243,False
3244,False
3245,True
3246,True
3247,True
3248,False
3249,False
3250,True
3251,True
3252,True
3253,False
3254,True
3255,False
3256,False
3257,False
3258,True
3259,True
3260,True
3261,False
3262,True
3263,True
3264,False
3265,True
3266,True
3267,False
3268,False
3269,False
3270,False
3271,True
3272,True
3273,False
3274,True
3275,True
3276,True
3277,True
3278,True
3279,True
3280,True
3281,True
3282,True
3283,True
3284,True
3285,False
3286,False
3287,True
3288,True
3289,True
3290,True
3291,True
3292,True
3293,True
3294,True
3295,True
3296,False
3297,True
3298,True
3299,True
3300,False
3301,True
3302,True
3303,True
3304,True
3305,False
3306,True
3307,True
3308,False
3309,True
3310,True
3311,True
3312,True
3313,True
3314,False
3315,True
3316,False
3317,True
3318,True
3319,False
3320,True
3321,True
3322,True
3323,True
3324,True
3325,True
3326,True
3327,True
3328,True
3329,True
3330,True
3331,True
3332,False
3333,True
3334,False
3335,True
3336,True
3337,False
3338,True
3339,True
3340,True
3341,False
3342,True
3343,False
3344,True
3345,True
3346,False
3347,True
3348,True
3349,False
3350,True
3351,False
3352,True
3353,True
3354,True
3355,False
3356,False
3357,True
3358,False
3359,True
3360,False
3361,True
3362,True
3363,True
3364,True
3365,True
3366,True
3367,True
3368,True
3369,False
3370,True
3371,True
3372,True
3373,True
3374,True
3375,True
3376,True
3377,False
3378,True
3379,True
3380,False
3381,True
3382,False
3383,False
3384,False
3385,True
3386,True
3387,True
3388,True
3389,True
3390,True
3391,False
3392,False
3393,True
3394,True
3395,True
3396,True
3397,True
3398,True
3399,True
3400,False
3401,True
3402,True
3403,True
3404,False
3405,True
3406,False
3407,True
3408,True
3409,True
3410,True
3411,True
3412,True
3413,True
3414,False
3415,True
3416,True
3417,True
3418,True
3419,True
3420,False
3421,True
3422,True
3423,True
3424,True
3425,True
3426,True
3427,True
3428,True
3429,True
3430,True
3431,False
3432,True
3433,True
3434,False
3435,True
3436,True
3437,True
3438,False
3439,True
3440,True
3441,False
3442,True
3443,True
3444,True
3445,True
3446,True
3447,True
3448,True
3449,True
3450,True
3451,True
3452,True
3453,True
3454,False
3455,False
3456,True
3457,True
3458,True
3459,False
3460,True
3461,True
3462,False
3463,False
3464,True
3465,True
3466,True
3467,False
3468,True
3469,False
3470,True
3471,True
3472,False
3473,False
3474,False
3475,True
3476,True
3477,False
3478,True
3479,True
3480,True
3481,True
3482,True
3483,False
3484,True
3485,True
3486,False
3487,False
3488,True
3489,True
3490,True
3491,True
3492,True
3493,False
3494,True
3495,True
3496,True
3497,False
3498,True
3499,True
3500,True
3501,False
3502,False
3503,True
3504,True
3505,True
3506,False
3507,False
3508,True
3509,False
3510,False
3511,True
3512,False
3513,False
3514,True
3515,True
3516,False
3517,True
3518,True
3519,True
3520,True
3521,True
3522,True
3523,True
3524,True
3525,True
3526,True
3527,True
3528,False
3529,True
3530,True
3531,False
3532,True
3533,True
3534,True
3535,False
3536,True
3537,True
3538,False
3539,False
3540,False
3541,True
3542,False
3543,True
3544,False
3545,True
3546,True
3547,True
3548,False
3549,True
3550,False
3551,True
3552,False
3553,True
3554,True
3555,True
3556,False
3557,True
3558,True
3559,False
3560,True
3561,False
3562,True
3563,False
3564,True
3565,True
3566,True
3567,False
3568,True
3569,True
3570,True
3571,False
3572,True
3573,True
3574,True
3575,True
3576,True
3577,False
3578,True
3579,True
3580,False
3581,True
3582,True
3583,True
3584,False
3585,True
3586,True
3587,True
3588,False
3589,True
3590,False
3591,True
3592,True
3593,True
3594,True
3595,True
3596,False
3597,False
3598,True
3599,True
3600,False
3601,True
3602,True
3603,True
3604,True
3605,True
3606,True
3607,True
3608,True
3609,True
3610,False
3611,False
3612,False
3613,False
3614,False
3615,True
3616,True
3617,True
3618,True
3619,True
3620,True
3621,True
3622,False
3623,False
3624,True
3625,False
3626,True
3627,True
3628,True
3629,False
3630,True
3631,True
3632,False
3633,True
3634,False
3635,False
3636,True
3637,True
3638,True
3639,True
3640,True
3641,True
3642,False
3643,True
3644,True
3645,True
3646,False
3647,True
3648,False
3649,True
3650,True
3651,True
3652,False
3653,False
3654,False
3655,False
3656,False
3657,False
3658,True
3659,True
3660,False
3661,True
3662,True
3663,True
3664,False
3665,True
3666,True
3667,True
3668,True
3669,True
3670,True
3671,False
3672,False
3673,True
3674,True
3675,False
3676,True
3677,False
3678,True
3679,True
3680,True
3681,True
3682,False
3683,False
3684,True
3685,False
3686,True
3687,True
3688,False
3689,True
3690,True
3691,True
3692,True
3693,False
3694,True
3695,True
3696,False
3697,True
3698,True
3699,True
3700,True
3701,True
3702,True
3703,True
3704,False
3705,True
3706,True
3707,True
3708,True
3709,True
3710,True
3711,True
3712,True
3713,True
3714,False
3715,False
3716,True
3717,False
3718,True
3719,True
3720,True
3721,True
3722,True
3723,False
3724,True
3725,False
3726,True
3727,True
3728,True
3729,True
3730,False
3731,False
3732,True
3733,True
3734,False
3735,True
3736,True
3737,True
3738,True
3739,False
3740,True
3741,True
3742,True
3743,True
3744,True
3745,True
3746,True
3747,True
3748,False
3749,True
3750,False
3751,False
3752,False
3753,True
3754,True
3755,True
3756,True
3757,False
3758,False
3759,True
3760,True
3761,True
3762,True
3763,True
3764,True
3765,True
3766,True
3767,False
3768,False
3769,True
3770,True
3771,True
3772,False
3773,True
3774,False
3775,True
3776,False
3777,False
3778,False
3779,True
3780,True
3781,True
3782,True
3783,True
3784,True
3785,True
3786,True
3787,True
3788,True
3789,True
3790,True
3791,False
3792,True
3793,True
3794,False
3795,True
3796,True
3797,True
3798,True
3799,True
3800,True
3801,True
3802,True
3803,True
3804,True
3805,True
3806,True
3807,True
3808,False
3809,False
3810,True
3811,False
3812,True
3813,True
3814,False
3815,True
3816,False
3817,True
3818,True
3819,True
3820,True
3821,True
3822,False
3823,True
3824,False
3825,True
3826,False
3827,True
3828,True
3829,True
3830,True
3831,True
3832,True
3833,False
3834,True
3835,True
3836,True
3837,False
3838,True
3839,True
3840,False
3841,True
3842,False
3843,True
3844,False
3845,True
3846,False
3847,False
3848,True
3849,False
3850,True
3851,True
3852,True
3853,True
3854,True
3855,True
3856,True
3857,False
3858,True
3859,False
3860,True
3861,False
3862,True
3863,True
3864,True
3865,True
3866,False
3867,True
3868,True
3869,True
3870,True
3871,True
3872,True
3873,False
3874,True
3875,True
3876,True
3877,False
3878,True
3879,True
3880,True
3881,False
3882,False
3883,False
3884,True
3885,True
3886,True
3887,True
3888,True
3889,True
3890,True
3891,True
3892,True
3893,True
3894,True
3895,True
3896,True
3897,True
3898,False
3899,True
3900,True
3901,False
3902,False
3903,True
3904,True
3905,True
3906,True
3907,True
3908,False
3909,True
3910,True
3911,True
3912,False
3913,False
3914,True
3915,True
3916,True
3917,True
3918,False
3919,True
3920,True
3921,True
3922,True
3923,True
3924,True
3925,True
3926,False
3927,True
3928,True
3929,False
3930,True
3931,False
3932,True
3933,True
3934,True
3935,False
3936,True
3937,True
3938,True
3939,False
3940,True
3941,True
3942,True
3943,True
3944,True
3945,True
3946,True
3947,False
3948,False
3949,False
3950,False
3951,True
3952,True
3953,True
3954,False
3955,True
3956,True
3957,True
3958,True
3959,True
3960,True
3961,True
3962,True
3963,True
3964,True
3965,True
3966,False
3967,False
3968,True
3969,True
3970,True
3971,False
3972,False
3973,False
3974,False
3975,False
3976,True
3977,True
3978,True
3979,False
3980,False
3981,True
3982,True
3983,True
3984,True
3985,False
3986,False
3987,True
3988,True
3989,False
3990,False
3991,False
3992,True
3993,True
3994,False
3995,True
3996,False
3997,True
3998,True
3999,True
4000,False
4001,True
4002,True
4003,True
4004,True
4005,True
4006,True
4007,False
4008,False
4009,True
4010,False
4011,False
4012,True
4013,True
4014,True
4015,True
4016,False
4017,True
4018,True
4019,False
4020,True
4021,True
4022,True
4023,True
4024,True
4025,True
4026,False
4027,True
4028,True
4029,True
4030,True
4031,True
4032,False
4033,True
4034,False
4035,False
4036,False
4037,True
4038,True
4039,True
4040,False
4041,True
4042,True
4043,True
4044,False
4045,False
4046,False
4047,True
4048,True
4049,True
4050,True
4051,True
4052,False
4053,False
4054,True
4055,True
4056,True
4057,False
4058,True
4059,False
4060,True
4061,True
4062,True
4063,True
4064,True
4065,True
4066,False
4067,True
4068,True
4069,False
4070,True
4071,True
4072,False
4073,False
4074,False
4075,True
4076,False
4077,True
4078,True
4079,False
4080,True
4081,True
4082,False
4083,True
4084,True
4085,True
4086,True
4087,False
4088,True
4089,True
4090,True
4091,False
4092,False
4093,True
4094,True
4095,True
4096,True
4097,False
4098,True
4099,False
4100,True
4101,True
4102,False
4103,True
4104,True
4105,True
4106,False
4107,True
4108,True
4109,True
4110,False
4111,True
4112,True
4113,True
4114,False
4115,True
4116,False
4117,True
4118,True
4119,True
4120,True
4121,False
4122,True
4123,True
4124,False
4125,True
4126,True
4127,True
4128,True
4129,True
4130,True
4131,True
4132,True
4133,False
4134,False
4135,False
4136,True
4137,True
4138,True
4139,False
4140,True
4141,True
4142,True
4143,True
4144,False
4145,True
4146,True
4147,True
4148,True
4149,False
4150,True
4151,True
4152,True
4153,True
4154,False
4155,False
4156,True
4157,False
4158,True
4159,True
4160,False
4161,True
4162,True
4163,False
4164,True
4165,True
4166,False
4167,False
4168,False
4169,True
4170,False
4171,True
4172,True
4173,False
4174,False
4175,True
4176,True
4177,False
4178,True
4179,True
4180,True
4181,True
4182,False
4183,False
4184,True
4185,False
4186,True
4187,False
4188,True
4189,True
4190,True
4191,True
4192,False
4193,True
4194,True
4195,True
4196,True
4197,False
4198,True
4199,True
4200,True
4201,False
4202,True
4203,True
4204,False
4205,False
4206,True
4207,True
4208,True
4209,True
4210,True
4211,True
4212,True
4213,True
4214,True
4215,True
4216,True
4217,True
4218,True
4219,True
4220,True
4221,False
4222,True
4223,False
4224,True
4225,False
4226,False
4227,False
4228,True
4229,True
4230,True
4231,True
4232,False
4233,True
4234,True
4235,True
4236,True
4237,True
4238,True
4239,False
4240,False
4241,True
4242,True
4243,False
4244,True
4245,True
4246,True
4247,False
4248,True
4249,True
4250,False
4251,True
4252,True
4253,True
4254,True
4255,True
4256,False
4257,False
4258,True
4259,False
4260,True
4261,True
4262,True
4263,True
4264,True
4265,True
4266,False
4267,False
4268,True
4269,False
4270,True
4271,True
4272,True
4273,False
4274,True
4275,True
4276,False
4277,True
4278,True
4279,True
4280,False
4281,True
4282,True
4283,False
4284,True
4285,False
4286,False
4287,True
4288,True
4289,True
4290,True
4291,True
4292,True
4293,True
4294,False
4295,True
4296,True
4297,True
4298,True
4299,False
4300,True
4301,True
4302,True
4303,False
4304,True
4305,True
4306,True
4307,True
4308,True
4309,True
4310,True
4311,True
4312,True
4313,False
4314,False
4315,False
4316,True
4317,False
4318,True
4319,True
4320,True
4321,True
4322,False
4323,False
4324,True
4325,True
4326,True
4327,True
4328,False
4329,False
4330,True
4331,False
4332,True
4333,True
4334,True
4335,True
4336,False
4337,True
4338,True
4339,False
4340,True
4341,True
4342,True
4343,True
4344,True
4345,True
4346,True
4347,False
4348,True
4349,False
4350,False
4351,False
4352,True
4353,True
4354,True
4355,False
4356,False
4357,True
4358,True
4359,True
4360,True
4361,False
4362,True
4363,True
4364,True
4365,False
4366,True
4367,False
4368,False
4369,True
4370,True
4371,True
4372,True
4373,True
4374,True
4375,True
4376,False
4377,True
4378,True
4379,False
4380,True
4381,True
4382,True
4383,False
4384,False
4385,True
4386,True
4387,True
4388,True
4389,True
4390,False
4391,False
4392,True
4393,True
4394,True
4395,False
4396,False
4397,True
4398,True
4399,True
4400,True
4401,True
4402,True
4403,True
4404,True
4405,False
4406,False
4407,True
4408,True
4409,True
4410,True
4411,True
4412,True
4413,True
4414,True
4415,True
4416,True
4417,True
4418,False
4419,True
4420,False
4421,True
4422,True
4423,False
4424,False
4425,False
4426,True
4427,True
4428,True
4429,True
4430,True
4431,True
4432,True
4433,False
4434,True
4435,False
4436,True
4437,True
4438,True
4439,False
4440,True
4441,False
4442,False
4443,False
4444,False
4445,True
4446,True
4447,True
4448,False
4449,True
4450,True
4451,True
4452,False
4453,True
4454,False
4455,True
4456,True
4457,True
4458,True
4459,True
4460,True
4461,False
4462,True
4463,True
4464,True
4465,False
4466,True
4467,True
4468,True
4469,True
4470,True
4471,True
4472,True
4473,False
4474,False
4475,True
4476,True
4477,True
4478,True
4479,True
4480,True
4481,False
4482,True
4483,False
4484,True
4485,False
4486,True
4487,True
4488,True
4489,True
4490,True
4491,False
4492,True
4493,True
4494,False
4495,False
4496,True
4497,True
4498,True
4499,False
4500,True
4501,True
4502,True
4503,True
4504,True
4505,True
4506,True
4507,True
4508,True
4509,True
4510,True
4511,True
4512,False
4513,True
4514,False
4515,True
4516,False
4517,False
4518,True
4519,True
4520,True
4521,False
4522,True
4523,False
4524,False
4525,True
4526,False
4527,True
4528,False
4529,True
4530,True
4531,True
4532,True
4533,True
4534,False
4535,True
4536,True
4537,True
4538,False
4539,True
4540,True
4541,True
4542,True
4543,True
4544,True
4545,True
4546,True
4547,True
4548,True
4549,False
4550,False
4551,True
4552,True
4553,False
4554,True
4555,False
4556,True
4557,True
4558,True
4559,True
4560,True
4561,True
4562,True
4563,False
4564,True
4565,True
4566,True
4567,True
4568,True
4569,True
4570,True
4571,True
4572,True
4573,True
4574,True
4575,True
4576,True
4577,False
4578,True
4579,True
4580,True
4581,True
4582,True
4583,True
4584,True
4585,True
4586,True
4587,True
4588,True
4589,False
4590,True
4591,False
4592,True
4593,False
4594,True
4595,True
4596,True
4597,True
4598,True
4599,True
4600,True
4601,True
4602,True
4603,True
4604,False
4605,True
4606,True
4607,True
4608,True
4609,True
4610,False
4611,False
4612,True
4613,False
4614,True
4615,True
4616,False
4617,True
4618,True
4619,True
4620,True
4621,True
4622,True
4623,True
4624,True
4625,True
4626,True
4627,True
4628,True
4629,True
4630,True
4631,True
4632,False
4633,True
4634,False
4635,True
4636,False
4637,False
4638,False
4639,True
4640,True
4641,False
4642,True
4643,True
4644,True
4645,False
4646,True
4647,True
4648,True
4649,True
4650,True
4651,True
4652,True
4653,True
4654,False
4655,True
4656,True
4657,False
4658,True
4659,False
4660,True
4661,True
4662,True
4663,True
4664,True
4665,True
4666,True
4667,False
4668,True
4669,True
4670,True
4671,True
4672,True
4673,True
4674,True
4675,False
4676,True
4677,True
4678,False
4679,True
4680,True
4681,True
4682,False
4683,True
4684,True
4685,True
4686,True
4687,False
4688,True
4689,True
4690,True
4691,True
4692,True
4693,True
4694,True
4695,False
4696,False
4697,False
4698,True
4699,True
4700,False
4701,False
4702,True
4703,True
4704,True
4705,True
4706,False
4707,True
4708,True
4709,True
4710,True
4711,True
4712,False
4713,False
4714,False
4715,False
4716,True
4717,True
4718,True
4719,False
4720,True
4721,False
4722,False
4723,True
4724,True
4725,True
4726,False
4727,False
4728,False
4729,False
4730,True
4731,True
4732,True
4733,True
4734,True
4735,True
4736,True
4737,True
4738,True
4739,False
4740,True
4741,True
4742,True
4743,False
4744,True
4745,True
4746,True
4747,False
4748,True
4749,True
4750,False
4751,True
4752,True
4753,False
4754,True
4755,True
4756,True
4757,True
4758,True
4759,True
4760,True
4761,True
4762,True
4763,False
4764,False
4765,True
4766,True
4767,True
4768,False
4769,False
4770,True
4771,False
4772,True
4773,True
4774,False
4775,False
4776,True
4777,True
4778,True
4779,False
4780,False
4781,True
4782,True
4783,True
4784,True
4785,False
4786,True
4787,False
4788,True
4789,True
4790,False
4791,True
4792,False
4793,True
4794,True
4795,True
4796,False
4797,False
4798,True
4799,False
4800,False
4801,True
4802,True
4803,True
4804,True
4805,False
4806,False
4807,False
4808,False
4809,True
4810,True
4811,True
4812,True
4813,False
4814,True
4815,True
4816,True
4817,True
4818,True
4819,False
4820,True
4821,False
4822,True
4823,True
4824,False
4825,False
4826,False
4827,True
4828,False
4829,True
4830,True
4831,True
4832,True
4833,True
4834,True
4835,True
4836,True
4837,True
4838,True
4839,True
4840,True
4841,True
4842,True
4843,False
4844,True
4845,True
4846,True
4847,False
4848,False
4849,False
4850,False
4851,True
4852,False
4853,True
4854,False
4855,False
4856,False
4857,False
4858,True
4859,True
4860,True
4861,True
4862,False
4863,False
4864,True
4865,True
4866,True
4867,True
4868,True
4869,False
4870,False
4871,True
4872,True
4873,True
4874,True
4875,False
4876,True
4877,True
4878,False
4879,True
4880,True
4881,False
4882,True
4883,True
4884,True
4885,False
4886,False
4887,False
4888,False
4889,True
4890,False
4891,False
4892,True
4893,False
4894,False
4895,True
4896,True
4897,True
4898,False
4899,True
4900,True
4901,True
4902,False
4903,False
4904,True
4905,False
4906,True
4907,True
4908,True
4909,True
4910,True
4911,True
4912,True
4913,True
4914,True
4915,True
4916,True
4917,True
4918,True
4919,True
4920,False
4921,True
4922,True
4923,True
4924,True
4925,True
4926,True
4927,True
4928,True
4929,True
4930,True
4931,True
4932,True
4933,True
4934,False
4935,True
4936,False
4937,True
4938,True
4939,True
4940,True
4941,True
4942,False
4943,True
4944,True
4945,True
4946,False
4947,True
4948,True
4949,False
4950,False
4951,True
4952,False
4953,False
4954,False
4955,False
4956,True
4957,True
4958,False
4959,True
4960,True
4961,True
4962,True
4963,True
4964,True
4965,True
4966,True
4967,True
4968,True
4969,True
4970,True
4971,True
4972,False
4973,False
4974,False
4975,True
4976,True
4977,True
4978,False
4979,False
4980,True
4981,True
4982,True
4983,True
4984,True
4985,False
4986,False
4987,False
4988,True
4989,True
4990,True
4991,True
4992,True
4993,True
4994,False
4995,True
4996,False
4997,True
4998,False
4999,False
5000,True
5001,False
5002,True
5003,False
5004,False
5005,True
5006,True
5007,True
5008,False
5009,False
5010,True
5011,False
5012,True
5013,True
5014,False
5015,True
5016,True
5017,False
5018,False
5019,False
5020,True
5021,True
5022,False
5023,True
5024,True
5025,False
5026,False
5027,True
5028,False
5029,False
5030,False
5031,True
5032,False
5033,False
5034,True
5035,True
5036,True
5037,True
5038,True
5039,False
5040,True
5041,True
5042,True
5043,True
5044,True
5045,True
5046,False
5047,False
5048,True
5049,False
5050,True
5051,False
5052,True
5053,True
5054,True
5055,True
5056,True
5057,True
5058,False
5059,True
5060,True
5061,True
5062,True
5063,True
5064,False
5065,False
5066,True
5067,True
5068,False
5069,False
5070,True
5071,True
5072,True
5073,True
5074,True
5075,True
5076,True
5077,False
5078,True
5079,True
5080,True
5081,True
5082,True
5083,True
5084,True
5085,True
5086,True
5087,True
5088,True
5089,True
5090,True
5091,True
5092,True
5093,True
5094,True
5095,True
5096,False
5097,True
5098,False
5099,False
5100,True
5101,True
5102,True
5103,True
5104,False
5105,True
5106,True
5107,False
5108,False
5109,False
5110,True
5111,True
5112,True
5113,False
5114,True
5115,True
5116,False
5117,False
5118,True
5119,False
5120,False
5121,True
5122,True
5123,True
5124,True
5125,True
5126,False
5127,False
5128,False
5129,False
5130,True
5131,False
5132,True
5133,True
5134,False
5135,False
5136,False
5137,True
5138,True
5139,True
5140,True
5141,True
5142,True
5143,False
5144,False
5145,False
5146,True
5147,True
5148,False
5149,True
5150,True
5151,True
5152,True
5153,False
5154,True
5155,False
5156,True
5157,True
5158,False
5159,True
5160,False
5161,False
5162,True
5163,True
5164,True
5165,True
5166,False
5167,True
5168,False
5169,False
5170,False
5171,True
5172,False
5173,True
5174,True
5175,True
5176,True
5177,True
5178,True
5179,False
5180,True
5181,False
5182,True
5183,True
5184,True
5185,True
5186,True
5187,True
5188,False
5189,True
5190,True
5191,True
5192,True
5193,True
5194,True
5195,True
5196,True
5197,False
5198,True
5199,True
5200,False
5201,False
5202,True
5203,True
5204,True
5205,False
5206,False
5207,False
5208,False
5209,True
5210,True
5211,False
5212,True
5213,True
5214,True
5215,True
5216,True
5217,True
5218,True
5219,True
5220,True
5221,True
5222,False
5223,True
5224,False
5225,True
5226,True
5227,False
5228,False
5229,True
5230,True
5231,True
5232,True
5233,True
5234,False
5235,True
5236,False
5237,False
5238,True
5239,True
5240,True
5241,True
5242,True
5243,True
5244,True
5245,True
5246,True
5247,True
5248,True
5249,False
5250,True
5251,True
5252,True
5253,True
5254,False
5255,False
5256,True
5257,True
5258,True
5259,True
5260,True
5261,True
5262,False
5263,True
5264,True
5265,True
5266,True
5267,False
5268,True
5269,True
5270,True
5271,True
5272,False
5273,True
5274,False
5275,True
5276,True
5277,True
5278,True
5279,True
5280,True
5281,True
5282,True
5283,True
5284,True
5285,False
5286,True
5287,True
5288,True
5289,False
5290,False
5291,True
5292,True
5293,False
5294,True
5295,False
5296,True
5297,True
5298,True
5299,False
5300,True
5301,False
5302,True
5303,True
5304,True
5305,True
5306,False
5307,True
5308,False
5309,True
5310,True
5311,True
5312,False
5313,True
5314,True
5315,True
5316,False
5317,True
5318,True
5319,True
5320,False
5321,True
5322,False
5323,False
5324,True
5325,False
5326,True
5327,True
5328,False
5329,True
5330,True
5331,True
5332,False
5333,True
5334,False
5335,False
5336,True
5337,True
5338,True
5339,True
5340,True
5341,True
5342,False
5343,True
5344,True
5345,True
5346,False
5347,False
5348,False
5349,True
5350,True
5351,True
5352,False
5353,False
5354,True
5355,True
5356,False
5357,True
5358,True
5359,True
5360,False
5361,True
5362,True
5363,True
5364,False
5365,True
5366,True
5367,True
5368,True
5369,True
5370,True
5371,True
5372,False
5373,False
5374,True
5375,False
5376,True
5377,False
5378,True
5379,True
5380,True
5381,True
5382,False
5383,False
5384,True
5385,True
5386,False
5387,True
5388,False
5389,True
5390,True
5391,True
5392,False
5393,False
5394,False
5395,True
5396,True
5397,False
5398,True
5399,True
5400,False
5401,True
5402,False
5403,True
5404,True
5405,False
5406,False
5407,False
5408,True
5409,True
5410,True
5411,True
5412,True
5413,False
5414,True
5415,True
5416,False
5417,False
5418,False
5419,True
5420,True
5421,True
5422,False
5423,True
5424,True
5425,False
5426,True
5427,True
5428,False
5429,False
5430,False
5431,True
5432,True
5433,False
5434,False
5435,True
5436,False
5437,True
5438,False
5439,True
5440,True
5441,True
5442,False
5443,True
5444,True
5445,True
5446,True
5447,True
5448,True
5449,True
5450,True
5451,True
5452,True
5453,True
5454,False
5455,True
5456,True
5457,True
5458,True
5459,True
5460,True
5461,False
5462,True
5463,True
5464,False
5465,False
5466,True
5467,True
5468,True
5469,True
5470,False
5471,True
5472,True
5473,True
5474,True
5475,True
5476,True
5477,True
5478,True
5479,False
5480,False
5481,True
5482,True
5483,True
5484,True
5485,False
5486,True
5487,True
5488,False
5489,True
5490,True
5491,False
5492,True
5493,False
5494,True
5495,False
5496,True
5497,True
5498,False
5499,False
5500,False
5501,False
5502,False
5503,False
5504,True
5505,False
5506,False
5507,True
5508,False
5509,True
5510,True
5511,True
5512,True
5513,False
5514,True
5515,True
5516,True
5517,True
5518,True
5519,False
5520,True
5521,True
5522,True
5523,False
5524,True
5525,True
5526,True
5527,True
5528,True
5529,False
5530,True
5531,False
5532,True
5533,True
5534,True
5535,True
5536,False
5537,True
5538,False
5539,True
5540,True
5541,True
5542,True
5543,False
5544,True
5545,False
5546,True
5547,True
5548,False
5549,True
5550,True
5551,True
5552,True
5553,True
5554,False
5555,False
5556,True
5557,True
5558,True
5559,False
5560,True
5561,True
5562,False
5563,True
5564,False
5565,False
5566,True
5567,True
5568,True
5569,False
5570,True
5571,True
5572,True
5573,True
5574,True
5575,False
5576,True
5577,False
5578,True
5579,True
5580,True
5581,True
5582,True
5583,True
5584,False
5585,True
5586,True
5587,False
5588,False
5589,True
5590,False
5591,True
5592,True
5593,True
5594,True
5595,True
5596,True
5597,True
5598,False
5599,False
5600,True
5601,True
5602,True
5603,True
5604,True
5605,False
5606,False
5607,True
5608,True
5609,False
5610,True
5611,True
5612,False
5613,True
5614,False
5615,True
5616,False
5617,False
5618,True
5619,True
5620,False
5621,False
5622,True
5623,True
5624,False
5625,True
5626,True
5627,False
5628,False
5629,True
5630,False
5631,True
5632,True
5633,True
5634,True
5635,True
5636,True
5637,False
5638,True
5639,True
5640,True
5641,True
5642,True
5643,True
5644,True
5645,True
5646,False
5647,False
5648,True
5649,True
5650,False
5651,False
5652,False
5653,True
5654,True
5655,True
5656,False
5657,True
5658,False
5659,False
5660,False
5661,True
5662,True
5663,True
5664,True
5665,False
5666,True
5667,False
5668,True
5669,True
5670,True
5671,True
5672,True
5673,True
5674,True
5675,True
5676,True
5677,True
5678,False
5679,True
5680,True
5681,False
5682,True
5683,True
5684,True
5685,True
5686,True
5687,True
5688,True
5689,True
5690,False
5691,True
5692,False
5693,False
5694,True
5695,True
5696,False
5697,True
5698,False
5699,True
5700,False
5701,True
5702,True
5703,True
5704,True
5705,False
5706,True
5707,True
5708,True
5709,True
5710,False
5711,False
5712,True
5713,False
5714,True
5715,True
5716,False
5717,True
5718,False
5719,True
5720,True
5721,True
5722,True
5723,True
5724,True
5725,True
5726,True
5727,True
5728,True
5729,False
5730,True
5731,True
5732,True
5733,True
5734,True
5735,False
5736,False
5737,True
5738,False
5739,True
5740,True
5741,True
5742,True
5743,True
5744,True
5745,True
5746,True
5747,True
5748,True
5749,True
5750,False
5751,False
5752,True
5753,False
5754,False
5755,True
5756,True
5757,True
5758,False
5759,True
5760,True
5761,True
5762,True
5763,True
5764,True
5765,True
5766,False
5767,True
5768,False
5769,True
5770,True
5771,True
5772,True
5773,True
5774,True
5775,False
5776,False
5777,True
5778,False
5779,False
5780,False
5781,True
5782,True
5783,False
5784,True
5785,False
5786,False
5787,True
5788,False
5789,True
5790,False
5791,True
5792,False
5793,False
5794,True
5795,True
5796,True
5797,False
5798,True
5799,False
5800,False
5801,True
5802,True
5803,True
5804,False
5805,True
5806,False
5807,False
5808,True
5809,True
5810,True
5811,True
5812,True
5813,True
5814,False
5815,True
5816,False
5817,True
5818,True
5819,True
5820,False
5821,True
5822,False
5823,True
5824,True
5825,True
5826,True
5827,True
5828,True
5829,True
5830,False
5831,True
5832,True
5833,False
5834,True
5835,True
5836,True
5837,True
5838,True
5839,False
5840,True
5841,False
5842,True
5843,True
5844,True
5845,False
5846,True
5847,True
5848,True
5849,False
5850,True
5851,True
5852,True
5853,False
5854,True
5855,False
5856,True
5857,False
5858,True
5859,False
5860,True
5861,True
5862,True
5863,False
5864,True
5865,False
5866,True
5867,True
5868,True
5869,True
5870,True
5871,True
5872,True
5873,True
5874,False
5875,True
5876,True
5877,True
5878,True
5879,False
5880,False
5881,True
5882,True
5883,True
5884,True
5885,True
5886,False
5887,True
5888,True
5889,True
5890,True
5891,True
5892,True
5893,False
5894,False
5895,True
5896,True
5897,True
5898,True
5899,False
5900,True
5901,True
5902,True
5903,False
5904,False
5905,True
5906,True
5907,False
5908,False
5909,True
5910,False
5911,True
5912,True
5913,False
5914,True
5915,True
5916,True
5917,False
5918,True
5919,True
5920,True
5921,True
5922,False
5923,True
5924,True
5925,True
5926,True
5927,True
5928,False
5929,False
5930,False
5931,False
5932,True
5933,True
5934,True
5935,False
5936,True
5937,False
5938,False
5939,False
5940,True
5941,True
5942,True
5943,False
5944,False
5945,False
5946,True
5947,True
5948,True
5949,False
5950,True
5951,True
5952,True
5953,False
5954,True
5955,False
5956,True
5957,True
5958,True
5959,True
5960,True
5961,False
5962,False
5963,True
5964,True
5965,True
5966,False
5967,True
5968,True
5969,False
5970,False
5971,True
5972,True
5973,True
5974,True
5975,True
5976,True
5977,False
5978,False
5979,True
5980,False
5981,True
5982,True
5983,True
5984,False
5985,True
5986,True
5987,True
5988,True
5989,False
5990,True
5991,True
5992,True
5993,True
5994,True
5995,True
5996,True
5997,True
5998,False
5999,False
6000,False
6001,True
6002,False
6003,True
6004,True
6005,True
6006,True
6007,False
6008,True
6009,True
6010,True
6011,True
6012,True
6013,True
6014,True
6015,True
6016,True
6017,True
6018,False
6019,True
6020,True
6021,True
6022,True
6023,True
6024,True
6025,True
6026,True
6027,True
6028,True
6029,True
6030,False
6031,False
6032,True
6033,True
6034,True
6035,True
6036,True
6037,True
6038,True
6039,True
6040,True
6041,False
6042,True
6043,True
6044,False
6045,True
6046,True
6047,False
6048,True
6049,False
6050,True
6051,False
6052,True
6053,True
6054,True
6055,True
6056,True
6057,True
6058,True
6059,True
6060,False
6061,True
6062,True
6063,True
6064,True
6065,True
6066,True
6067,True
6068,True
6069,True
6070,True
6071,False
6072,True
6073,False
6074,False
6075,True
6076,False
6077,False
6078,False
6079,True
6080,False
6081,False
6082,True
6083,True
6084,True
6085,True
6086,True
6087,True
6088,True
6089,True
6090,False
6091,True
6092,True
6093,True
6094,False
6095,False
6096,True
6097,False
6098,True
6099,True
6100,True
6101,True
6102,True
6103,True
6104,True
6105,True
6106,True
6107,True
6108,True
6109,True
6110,True
6111,True
6112,True
6113,True
6114,False
6115,False
6116,True
6117,False
6118,False
6119,True
6120,True
6121,True
6122,False
6123,False
6124,True
6125,True
6126,False
6127,True
6128,False
6129,False
6130,True
6131,True
6132,True
6133,True
6134,False
6135,True
6136,True
6137,True
6138,False
6139,False
6140,False
6141,True
6142,False
6143,True
6144,False
6145,True
6146,False
6147,False
6148,True
6149,True
6150,True
6151,False
6152,True
6153,True
6154,True
6155,False
6156,True
6157,True
6158,False
6159,True
6160,True
6161,False
6162,False
6163,True
6164,True
6165,False
6166,False
6167,False
6168,False
6169,False
6170,True
6171,False
6172,False
6173,True
6174,True
6175,True
6176,True
6177,True
6178,True
6179,True
6180,True
6181,False
6182,True
6183,True
6184,False
